Workbook

Sheet Sheet2
A3: Sum of Sales | B3: Column Labels
A4: Row Labels | B4: Books | C4: Clothing | D4: Electronics | E4: Furniture | F4: Office Supplies | G4: Grand Total
A5: Central | B5: 11297.15 | C5: 12200.26 | D5: 6621.24 | E5: 4876.96 | F5: 8472.72 | G5: 43468.33
A6: East | B6: 11389.09 | C6: 2401.45 | D6: 2869.54 | E6: 7592.34 | F6: 8189.22 | G6: 32441.64
A7: North | B7: 8037.01 | C7: 8422.82 | D7: 8191.71 | E7: 6978.08 | F7: 3345.8 | G7: 34975.42
A8: South | B8: 9588.04 | C8: 8393.63 | D8: 11989.07 | E8: 7982.73 | F8: 2295.32 | G8: 40248.79
A9: West | B9: 6691.17 | C9: 10509.43 | D9: 11372.44 | E9: 9182.78 | F9: 6327.76 | G9: 44083.58
A10: Grand Total | B10: 47002.46 | C10: 41927.59 | D10: 41044 | E10: 36612.89 | F10: 28630.82 | G10: 195217.76

Sheet Sheet4
A1: Sales
A3: Mean | B3: 976.0888
A4: Standard Error | B4: 21.16185
A5: Median | B5: 976.72
A6: Mode | B6: #NA
A7: Standard Deviation | B7: 299.27376
A8: Sample Variance | B8: 89564.783
A9: Kurtosis | B9: -0.088595232
A10: Skewness | B10: 0.14685797
A11: Range | B11: 1665.15
A12: Minimum | B12: 258.51
A13: Maximum | B13: 1923.66
A14: Sum | B14: 195217.76
A15: Count | B15: 200
B16: 1

Sheet Sheet7
A1: SUMMARY OUTPUT | L1: Profit
L2: =$B$17+$B$18*Sheet1!E2 -> 362.48683
A3: Regression Statistics | L3: =$B$17+$B$18*Sheet1!E3 -> 385.35913
A4: Multiple R | B4: 0.77340306 | L4: =$B$17+$B$18*Sheet1!E4 -> 249.24806
A5: R Square | B5: 0.5981523 | L5: =$B$17+$B$18*Sheet1!E5 -> 265.9453
A6: Adjusted R Square | B6: 0.59612277 | L6: =$B$17+$B$18*Sheet1!E6 -> 296.14347
A7: Standard Error | B7: 86.281231 | L7: =$B$17+$B$18*Sheet1!E7 -> 337.76903
A8: Observations | B8: 200 | L8: =$B$17+$B$18*Sheet1!E8 -> 461.23174
L9: =$B$17+$B$18*Sheet1!E9 -> 375.95268
A10: ANOVA | L10: =$B$17+$B$18*Sheet1!E10 -> 174.93676
B11: df | C11: SS | D11: MS | E11: F | F11: Significance F | L11: =$B$17+$B$18*Sheet1!E11 -> 257.65808
A12: Regression | B12: 1 | C12: 2194058.2 | D12: 2194058.2 | E12: 294.72398 | F12: 4.6269368e-41 | L12: =$B$17+$B$18*Sheet1!E12 -> 550.80176
A13: Residual | B13: 198 | C13: 1474001.2 | D13: 7444.4507 | L13: =$B$17+$B$18*Sheet1!E13 -> 470.21365
A14: Total | B14: 199 | C14: 3668059.4 | L14: =$B$17+$B$18*Sheet1!E14 -> 417.04143
L15: =$B$17+$B$18*Sheet1!E15 -> 287.47031
B16: Coefficients | C16: Standard Error | D16: t Stat | E16: P-value | F16: Lower 95% | G16: Upper 95% | H16: Lower 95.0% | I16: Upper 95.0% | L16: =$B$17+$B$18*Sheet1!E16 -> 181.99949
A17: Intercept | B17: -1.0315505 | C17: 20.860617 | D17: -0.049449663 | E17: 0.9606108 | F17: -42.169052 | G17: 40.105951 | H17: -42.169052 | I17: 40.105951 | L17: =$B$17+$B$18*Sheet1!E17 -> 526.28044
A18: X Variable 1 | B18: 0.35085599 | C18: 0.020437189 | D18: 17.167527 | E18: 4.6269368e-41 | F18: 0.3105535 | G18: 0.39115848 | H18: 0.3105535 | I18: 0.39115848 | L18: =$B$17+$B$18*Sheet1!E18 -> 306.87265
L19: =$B$17+$B$18*Sheet1!E19 -> 222.35846
L20: =$B$17+$B$18*Sheet1!E20 -> 527.40669
L21: =$B$17+$B$18*Sheet1!E21 -> 225.27758
L22: =$B$17+$B$18*Sheet1!E22 -> 333.43946
L23: =$B$17+$B$18*Sheet1!E23 -> 135.29705
L24: =$B$17+$B$18*Sheet1!E24 -> 259.71409
L25: =$B$17+$B$18*Sheet1!E25 -> 246.80259
L26: =$B$17+$B$18*Sheet1!E26 -> 323.619
L27: =$B$17+$B$18*Sheet1!E27 -> 410.56463
L28: =$B$17+$B$18*Sheet1!E28 -> 235.9857
L29: =$B$17+$B$18*Sheet1!E29 -> 328.4538
L30: =$B$17+$B$18*Sheet1!E30 -> 343.97918
... L201: =$B$17+$B$18*Sheet1!E201 -> 324.67508

Sheet Sheet10
A1: Bin | B1: Frequency
A2: 64.63 | B2: 1
A3: 114.975 | B3: 4
A4: 165.32 | B4: 11
A5: 215.665 | B5: 22
A6: 266.01 | B6: 26
A7: 316.355 | B7: 27
A8: 366.7 | B8: 34
A9: 417.045 | B9: 20
A10: 467.39 | B10: 22
A11: 517.735 | B11: 14
A12: 568.08 | B12: 7
A13: 618.425 | B13: 4
... A15: 719.115 | B15: 4
A16: More | B16: 2

Sheet Sheet1
A1: Customer_ID | B1: Customer_Name | C1: Region | D1: Product_Category | E1: Sales | F1: Quantity | G1: Discount | H1: Order_Date | I1: Profit | L1: More than 1k sale | M1: Highest sale
A2: CUST019 | B2: James Davis | C2: West | D2: Books | E2: 1036.09 | F2: 4 | G2: 0.2 | H2: 45392 | I2: 331.55 | J2: =NOW() -> 46315.598 | L2: {=_xlfn._xlws.FILTER(B2:B201,E2:E201>1000,"NA")} -> James Davis | M2: =INDEX(B2:B201,MATCH(MAX(E2:E201),E2:E201,0)) -> James Wilson
A3: CUST012 | B3: Robert Anderson | C3: West | D3: Clothing | E3: 1101.28 | F3: 3 | G3: 0.2 | H3: 45393 | I3: 440.51 | J3: =NOW() -> 46315.598 | L3: Robert Anderson
A4: CUST017 | B4: James Taylor | C4: East | D4: Books | E4: 713.34 | F4: 17 | G4: 0 | H4: 45396 | I4: 285.34 | J4: =NOW() -> 46315.598 | L4: Linda Wilson
A5: CUST005 | B5: Robert Anderson | C5: South | D5: Electronics | E5: 760.93 | F5: 4 | G5: 0.15 | H5: 45396 | I5: 161.7 | J5: =NOW() -> 46315.598 | L5: Mary Davis
A6: CUST030 | B6: James Wilson | C6: North | D6: Books | E6: 847 | F6: 12 | G6: 0.2 | H6: 45397 | I6: 271.04 | J6: =NOW() -> 46315.598 | L6: Emma Davis
A7: CUST007 | B7: Michael Anderson | C7: North | D7: Furniture | E7: 965.64 | F7: 8 | G7: 0.1 | H7: 45398 | I7: 304.18 | J7: =NOW() -> 46315.598 | L7: David Thomas
A8: CUST001 | B8: Linda Wilson | C8: West | D8: Electronics | E8: 1317.53 | F8: 12 | G8: 0.05 | H8: 45398 | I8: 312.91 | J8: =NOW() -> 46315.598 | L8: Michael Anderson
A9: CUST026 | B9: Mary Davis | C9: East | D9: Furniture | E9: 1074.47 | F9: 6 | G9: 0.2 | H9: 45401 | I9: 300.85 | J9: =NOW() -> 46315.598 | L9: Sarah Anderson
A10: CUST009 | B10: Linda Jackson | C10: Central | D10: Books | E10: 501.54 | F10: 11 | G10: 0.05 | H10: 45401 | I10: 190.59 | J10: =NOW() -> 46315.598 | L10: Mary Jackson
A11: CUST010 | B11: David Thomas | C11: Central | D11: Clothing | E11: 737.31 | F11: 2 | G11: 0.05 | H11: 45401 | I11: 350.22 | J11: =NOW() -> 46315.598 | L11: Linda Brown
A12: CUST014 | B12: Emma Davis | C12: West | D12: Office Supplies | E12: 1572.82 | F12: 6 | G12: 0.05 | H12: 45402 | I12: 672.38 | J12: =NOW() -> 46315.598 | L12: David Brown
A13: CUST014 | B13: David Thomas | C13: Central | D13: Books | E13: 1343.13 | F13: 14 | G13: 0.15 | H13: 45404 | I13: 456.66 | J13: =NOW() -> 46315.598 | L13: David Davis
A14: CUST007 | B14: Michael Anderson | C14: Central | D14: Books | E14: 1191.58 | F14: 14 | G14: 0.05 | H14: 45406 | I14: 452.8 | J14: =NOW() -> 46315.598 | L14: Linda Taylor
... A95: CUST003 | B95: James Wilson | C95: West | D95: Electronics | E95: 1158.94 | F95: 19 | G95: 0.2 | H95: 45553 | I95: 231.79 | J95: =NOW() -> 46315.598 | L95: David Thomas
A96: CUST018 | B96: Mary Jackson | C96: South | D96: Books | E96: 966.3 | F96: 2 | G96: 0.15 | H96: 45557 | I96: 328.54 | J96: =NOW() -> 46315.598
A97: CUST020 | B97: James Taylor | C97: South | D97: Books | E97: 917.48 | F97: 6 | G97: 0 | H97: 45558 | I97: 366.99 | J97: =NOW() -> 46315.598
A98: CUST029 | B98: Emma Wilson | C98: West | D98: Furniture | E98: 1172.97 | F98: 7 | G98: 0.15 | H98: 45559 | I98: 348.96 | J98: =NOW() -> 46315.598
A99: CUST021 | B99: James Wilson | C99: North | D99: Clothing | E99: 1205.82 | F99: 11 | G99: 0.1 | H99: 45559 | I99: 542.62 | J99: =NOW() -> 46315.598
A100: CUST017 | B100: Sarah Davis | C100: West | D100: Office Supplies | E100: 826.93 | F100: 10 | G100: 0.2 | H100: 45564 | I100: 297.69 | J100: =NOW() -> 46315.598
A101: CUST003 | B101: James Wilson | C101: Central | D101: Clothing | E101: 902.19 | F101: 12 | G101: 0 | H101: 45564 | I101: 451.1 | J101: =NOW() -> 46315.598
A102: CUST027 | B102: Emma Davis | C102: North | D102: Books | E102: 585.97 | F102: 17 | G102: 0.1 | H102: 45565 | I102: 210.95 | J102: =NOW() -> 46315.598
A103: CUST016 | B103: Michael Anderson | C103: North | D103: Clothing | E103: 990.19 | F103: 8 | G103: 0.1 | H103: 45565 | I103: 445.59 | J103: =NOW() -> 46315.598
A104: CUST008 | B104: David Davis | C104: Central | D104: Electronics | E104: 1014.09 | F104: 13 | G104: 0.2 | H104: 45567 | I104: 202.82 | J104: =NOW() -> 46315.598
A105: CUST012 | B105: Lisa Davis | C105: North | D105: Electronics | E105: 925.29 | F105: 17 | G105: 0 | H105: 45570 | I105: 231.32 | J105: =NOW() -> 46315.598
A106: CUST025 | B106: Mary Jackson | C106: East | D106: Furniture | E106: 1286.54 | F106: 8 | G106: 0 | H106: 45575 | I106: 450.29 | J106: =NOW() -> 46315.598
A107: CUST014 | B107: Sarah Davis | C107: South | D107: Books | E107: 961.62 | F107: 8 | G107: 0.2 | H107: 45577 | I107: 307.72 | J107: =NOW() -> 46315.598
... A201: CUST016 | B201: David Thomas | C201: South | D201: Clothing | E201: 928.32 | F201: 2 | G201: 0.05 | H201: 45754 | I201: 440.95 | J201: =NOW() -> 46315.598

Sheet Dashboard
D2: Sales Insights Dashboard
B4: Total sale | D4: Total Profit | F4: Count Of Orders | H4: Average Discount
B5: =SUM(Sheet1!E2:E201) -> 195217.76 | D5: =SUM(Sheet1!I2:I201) -> 68287.01 | F5: =COUNT(Sheet1!J2:J201) -> 200 | H5: =AVERAGE(Sheet1!G2:G201) -> 0.09725
